[
  {
    "id": "de8457be-f823-4864-8197-7169b121d7ba",
    "data": [
      {
        "text": "i want to start with level ",
        "userDefined": false
      },
      {
        "text": "three",
        "meta": "@sys.number",
        "alias": "difficulty_level",
        "userDefined": false
      }
    ],
    "isTemplate": false,
    "count": 0,
    "lang": "en",
    "updated": 0
  },
  {
    "id": "7e64e41c-5f12-46a9-bcb3-b5ad8cd6eca9",
    "data": [
      {
        "text": "lets say ",
        "userDefined": false
      },
      {
        "text": "one",
        "meta": "@sys.number",
        "alias": "difficulty_level",
        "userDefined": true
      }
    ],
    "isTemplate": false,
    "count": 0,
    "lang": "en",
    "updated": 0
  },
  {
    "id": "bc1d2eca-f065-4680-83cc-d42290e0440b",
    "data": [
      {
        "text": "i will choose ",
        "userDefined": false
      },
      {
        "text": "one",
        "meta": "@sys.number",
        "alias": "difficulty_level",
        "userDefined": false
      }
    ],
    "isTemplate": false,
    "count": 0,
    "lang": "en",
    "updated": 0
  },
  {
    "id": "c351fb5d-3b75-4b1a-8a58-43eddd02a0ed",
    "data": [
      {
        "text": "level ",
        "userDefined": false
      },
      {
        "text": "1",
        "meta": "@sys.number",
        "alias": "difficulty_level",
        "userDefined": false
      }
    ],
    "isTemplate": false,
    "count": 0,
    "lang": "en",
    "updated": 0
  },
  {
    "id": "d8ddec65-4c97-49c4-ac5b-ee239114739d",
    "data": [
      {
        "text": "difficulty level ",
        "userDefined": false
      },
      {
        "text": "one",
        "meta": "@sys.number",
        "alias": "difficulty_level",
        "userDefined": false
      }
    ],
    "isTemplate": false,
    "count": 0,
    "lang": "en",
    "updated": 0
  },
  {
    "id": "c3056917-028a-4fb2-b962-34ad25d43e5c",
    "data": [
      {
        "text": "1",
        "meta": "@sys.number",
        "alias": "difficulty_level",
        "userDefined": false
      }
    ],
    "isTemplate": false,
    "count": 0,
    "lang": "en",
    "updated": 0
  },
  {
    "id": "765d262c-e942-4244-a173-b729dbc8e6ed",
    "data": [
      {
        "text": "one",
        "meta": "@sys.number",
        "alias": "difficulty_level",
        "userDefined": false
      }
    ],
    "isTemplate": false,
    "count": 0,
    "lang": "en",
    "updated": 0
  },
  {
    "id": "205298e9-465d-49fd-912f-8615715fc7dd",
    "data": [
      {
        "text": "level ",
        "userDefined": false
      },
      {
        "text": "one",
        "meta": "@sys.number",
        "alias": "difficulty_level",
        "userDefined": false
      }
    ],
    "isTemplate": false,
    "count": 0,
    "lang": "en",
    "updated": 0
  }
]